conversation_id,segment_id,text,importance,speaker,start,end
meeting01_importance_score,0,"Hailey Berry alumni, Yale students, Gauhar and Danat.",1,SPEAKER_02,0.354,4.239
meeting01_importance_score,1,Welcome to our podcast.,0,SPEAKER_02,4.96,6.803
meeting01_importance_score,2,So let's start with Gauhar.,0,SPEAKER_02,7.283,8.485
meeting01_importance_score,3,So could you please explain what major are you doing and what A levels you took at Hailey Berry and talk more about yourself?,1,SPEAKER_02,8.525,17.037
meeting01_importance_score,4,Absolutely.,0,SPEAKER_00,17.377,17.878
meeting01_importance_score,5,Thank you so much for the introduction.,0,SPEAKER_00,17.898,19.16
meeting01_importance_score,6,My name is Gauhar.,1,SPEAKER_00,19.26,20.081
meeting01_importance_score,7,"I'm a Hailey Berry Almaty class of 2020 alumna, and I'm currently in my fourth year at Yale University studying chemical engineering.",1,SPEAKER_00,20.602,29.554
meeting01_importance_score,8,"came in as a chemical engineer, and I'll be graduating also as a chemical engineer, and I'll be going into the chemical engineering industry, which I find very exciting because I always loved chemistry and maths in school, and this is what I took for A-levels, and I also took biology and French and Russian for A-levels.",1,SPEAKER_00,29.73,49.594
meeting01_importance_score,9,"What about you, Danav?",0,SPEAKER_03,50.555,51.216
meeting01_importance_score,10,"Well, first of all, thanks for having us.",0,SPEAKER_03,51.857,54.48
meeting01_importance_score,11,"I graduated Halle Berry three years ago, class of 2022.",1,SPEAKER_03,55.301,59.666
meeting01_importance_score,12,"I took math, further math, economics and physics.",1,SPEAKER_03,60.194,63.178
meeting01_importance_score,13,Now I study economics at Yale.,1,SPEAKER_03,63.899,65.521
meeting01_importance_score,14,"I'm interested in finance, so after graduation I'll be probably going to finance.",1,SPEAKER_03,67.043,74.714
meeting01_importance_score,15,"And right now I'm a junior, so I have one more year left.",1,SPEAKER_03,75.555,78.96
meeting01_importance_score,16,That's pretty exciting.,0,SPEAKER_02,81.203,81.904
meeting01_importance_score,17,So could you please tell why Yale?,1,SPEAKER_02,83.066,85.789
meeting01_importance_score,18,Why did you choose this school and why did you apply to Yale?,1,SPEAKER_02,85.97,89.074
meeting01_importance_score,19,in the first place.,0,SPEAKER_02,89.186,90.488
meeting01_importance_score,20,"And of course everyone wants to know if you applied early, early action, early decision, regular decision for some of you?",1,SPEAKER_01,90.508,97.918
meeting01_importance_score,21,"Yes, so I always knew that I wanted to go to America because I really loved the opportunity to explore various academic fields before committing to one and I applied to Yale because it's one of the best universities in the world and it's very well known for its liberal arts degree where you can",1,SPEAKER_00,99.28,118.546
meeting01_importance_score,22,"do whatever classes you want and choose your major only at the end of your second year, which I found it very appealing because I was still, while I was applying, I was still kind of choosing what I wanted to do.",1,SPEAKER_00,118.978,130.853
meeting01_importance_score,23,Your second question was?,0,SPEAKER_00,133.937,135.279
meeting01_importance_score,24,"Yeah, was it early decision or regular?",0,SPEAKER_02,135.86,138.363
meeting01_importance_score,25,"Yeah, I applied early to Yale, early action.",1,SPEAKER_00,138.863,141.307
meeting01_importance_score,26,"So you apply early, but you don't necessarily have to commit to the university.",1,SPEAKER_00,141.527,147.154
meeting01_importance_score,27,What were your feelings and like when you got like early notification that you got in and like you don't have to apply RG school During all the stress and then from December you're free from school It was such a good feeling.,0,SPEAKER_02,147.266,160.767
meeting01_importance_score,28,I I don't know it.,0,SPEAKER_00,160.787,162.149
meeting01_importance_score,29,"I think it was That level of happiness that I felt I have about no Yeah, I was just really really happy and my family was very happy for me and",1,SPEAKER_00,162.249,173.426
meeting01_importance_score,30,"I did prepare all my essays for regular, but I didn't end up sending them out.",1,SPEAKER_00,173.538,178.223
meeting01_importance_score,31,What was the first person that you tell that you got into Yale?,1,SPEAKER_01,178.904,182.948
meeting01_importance_score,32,It was 5 a.m. in Almaty because it comes out during the day in America.,1,SPEAKER_00,183.749,190.096
meeting01_importance_score,33,So I was there with my mom and I was checking the portal and I immediately saw that the portal has changed.,1,SPEAKER_00,190.136,198.646
meeting01_importance_score,34,So I didn't even click the video because there's a huge video with Bulldogs that comes out.,1,SPEAKER_00,198.686,202.45
meeting01_importance_score,35,"And I just knew before I played the video, so I was like, Mom, I think that's it.",1,SPEAKER_00,203.234,207.2
meeting01_importance_score,36,"And then I screamed, and my sister was also in the house, and she heard my scream, and she knew that I got in.",1,SPEAKER_00,207.22,213.069
meeting01_importance_score,37,That's so cool.,0,SPEAKER_03,213.089,213.609
meeting01_importance_score,38,"And about you, Danan?",0,SPEAKER_00,214.431,215.412
meeting01_importance_score,39,"Yeah, I was very intrigued by the liberal arts education as well.",1,SPEAKER_03,216.253,219.639
meeting01_importance_score,40,Trying to explore different fields was very appealing to me.,1,SPEAKER_03,220.239,223.164
meeting01_importance_score,41,I didn't know exactly what I wanted to do.,1,SPEAKER_03,223.184,227.751
meeting01_importance_score,42,I was interested in math.,1,SPEAKER_03,228.772,230.034
meeting01_importance_score,43,physics and economics.,1,SPEAKER_03,230.786,232.129
meeting01_importance_score,44,"I didn't know exactly if economics was right for me or math was right for me, so taking different classes in different fields really allowed me to explore what actually intrigues me.",1,SPEAKER_03,232.189,243.994
meeting02_importance_score,0,I didn't think about this until recently.,1,SPEAKER_01,0.162,2.446
meeting02_importance_score,1,I knew about the lie from the beginning.,1,SPEAKER_01,2.466,5.531
meeting02_importance_score,2,"I had found out, I overheard a conversation, I knew.",1,SPEAKER_01,5.711,9.758
meeting02_importance_score,3,I was trying to have it flipped on you.,1,SPEAKER_01,9.778,13.304
meeting02_importance_score,4,Did I ever tell you that?,0,SPEAKER_01,13.344,14.726
meeting02_importance_score,5,"That I was talking to Erin and being like, this is a perfect time to like, let's make some big grand gesture that then puts you in a place where you're like, oh.",1,SPEAKER_01,14.766,24.562
meeting02_importance_score,6,"Like we throw a huge part, like have it be like, oh, Angela threw a huge party for you and spent like a thousand dollars on it or something.",1,SPEAKER_01,24.738,33.53
meeting02_importance_score,7,"Like I was like, oh, I had all these ideas.",1,SPEAKER_01,33.57,35.472
meeting02_importance_score,8,Damien's dying and his last wish is to see you happily married.,1,SPEAKER_01,35.492,41.16
meeting02_importance_score,9,Is that a Russia?,0,SPEAKER_01,41.54,42.522
meeting02_importance_score,10,"No, but it didn't happen.",1,SPEAKER_01,42.842,45.045
meeting02_importance_score,11,"No, because I was also on guard.",1,SPEAKER_00,45.125,47.408
meeting02_importance_score,12,"I was like, I knew that they were going to try.",1,SPEAKER_00,47.809,50.252
meeting02_importance_score,13,It got to you.,1,SPEAKER_02,50.292,51.153
meeting02_importance_score,14,We did.,0,SPEAKER_02,51.373,51.954
meeting02_importance_score,15,"We did joke a lot about like, oh my gosh, four months, like that really messed us up.",1,SPEAKER_02,52.066,56.093
meeting02_importance_score,16,How was it for you?,1,SPEAKER_02,56.414,57.435
meeting02_importance_score,17,Terrible.,1,SPEAKER_02,57.596,57.976
meeting02_importance_score,18,It was awful.,1,SPEAKER_02,58.157,58.577
meeting02_importance_score,19,"Awful, awful, awful.",0,SPEAKER_00,58.657,60.0
meeting02_importance_score,20,"So I think I've told you this, Shayne.",1,SPEAKER_00,60.08,61.723
meeting02_importance_score,21,"Damien, I thought Amanda was pranking me with her pregnancy.",1,SPEAKER_00,61.883,65.289
meeting02_importance_score,22,You were certain till like the end.,1,SPEAKER_02,65.409,66.952
meeting02_importance_score,23,Till the end.,0,SPEAKER_00,67.092,67.693
meeting02_importance_score,24,"I did just get, I was cleaning stuff up last night and I, another Reddit story auto played and it was the one where you turn to Amanda and you're like,",1,SPEAKER_02,67.713,75.186
meeting02_importance_score,25,Take that off.,1,SPEAKER_02,75.522,76.303
meeting02_importance_score,26,You can't tell a co-worker to take off their clothes.,1,SPEAKER_02,77.204,78.967
meeting02_importance_score,27,"You're like, no, the baby bump.",1,SPEAKER_02,78.987,80.429
meeting02_importance_score,28,Take that off.,0,SPEAKER_02,80.449,81.17
meeting02_importance_score,29,It's fake.,1,SPEAKER_00,81.19,82.232
meeting02_importance_score,30,"No, 100%, I thought it was fake from the beginning.",1,SPEAKER_00,82.432,85.477
meeting02_importance_score,31,So funny.,0,SPEAKER_00,85.497,86.258
meeting02_importance_score,32,And that ruined me.,1,SPEAKER_00,86.278,87.82
meeting02_importance_score,33,I know.,0,SPEAKER_00,88.04,88.461
meeting02_importance_score,34,"Because I was genuinely so happy for Amanda, but there was a part of me that was like, I can't get got.",1,SPEAKER_00,88.601,93.769
meeting02_importance_score,35,I know.,0,SPEAKER_01,94.37,94.71
meeting02_importance_score,36,I can't get got.,1,SPEAKER_00,94.75,96.012
meeting02_importance_score,37,That will ruin me.,1,SPEAKER_00,96.212,97.394
meeting02_importance_score,38,"And Amanda has a story too where she showed me, I remember I was like, from the beginning, I was like, do you have any like sonograms or like, you know, anything that you can show me?",1,SPEAKER_00,97.538,105.826
meeting02_importance_score,39,"And she was like, yeah, I have like a sonogram appointment like coming up.",1,SPEAKER_00,106.187,109.29
meeting02_importance_score,40,"Like I, I soon enough.",0,SPEAKER_00,109.33,111.252
meeting02_importance_score,41,"And I was like, yeah, make sure to like show me like I want some.",1,SPEAKER_00,111.272,113.574
meeting02_importance_score,42,"She was like, yeah, for sure.",0,SPEAKER_00,113.954,114.935
meeting02_importance_score,43,She had her sonogram appointment.,1,SPEAKER_00,115.296,116.577
meeting02_importance_score,44,"I still remember the date was like, it was February 15th.",1,SPEAKER_00,116.597,119.38
meeting02_importance_score,45,"And she was like, here you go.",1,SPEAKER_00,119.82,120.781
meeting02_importance_score,46,And she handed it to me.,1,SPEAKER_00,120.821,121.622
meeting02_importance_score,47,And at the top it said February 14th.,1,SPEAKER_00,122.403,124.185
meeting02_importance_score,48,"And I was like,",0,SPEAKER_00,124.825,125.426
meeting02_importance_score,49,This was this morning that you had the sonogram.,1,SPEAKER_00,125.922,128.191
meeting02_importance_score,50,"And she was like, yep, just this morning.",1,SPEAKER_00,128.231,129.656
meeting02_importance_score,51,"And I was like, that's so weird because the date says February 14th.",1,SPEAKER_00,129.757,132.989
meeting02_importance_score,52,She must have been like.,0,SPEAKER_01,134.074,135.218
meeting02_importance_score,53,What the fuck is wrong with you?,0,SPEAKER_00,135.362,136.925
meeting02_importance_score,54,"Well, I mean, it's the first sight of my baby, so I think I'm just focusing on that.",1,SPEAKER_00,136.945,145.3
meeting02_importance_score,55,It reminds me of Reddit stories how the thing that's now most obvious if someone's like doing some shady shit is they're suspicious of everyone around them.,1,SPEAKER_01,145.32,155.017
meeting02_importance_score,56,"Cause when you're doing some shady shit, you're then like,",1,SPEAKER_01,155.037,157.682
meeting02_importance_score,57,"Well, other people are capable of doing shady shit to me.",1,SPEAKER_01,157.794,159.796
meeting02_importance_score,58,"Like, yeah.",0,SPEAKER_01,159.816,160.516
meeting02_importance_score,59,"I literally, I believe nothing.",1,SPEAKER_00,160.536,162.058
meeting02_importance_score,60,I believe nothing these days.,1,SPEAKER_00,162.258,163.679
meeting02_importance_score,61,It's actually awful.,1,SPEAKER_00,163.839,164.96
meeting02_importance_score,62,The four months was terrible.,1,SPEAKER_00,165.02,166.081
meeting02_importance_score,63,Nobody was more excited for the reveal than me because I needed to relieve myself of the guilt.,1,SPEAKER_00,166.221,171.526
meeting02_importance_score,64,"The reason that Shayne knows was because Courtney got too involved, where she was excited and getting emotions involved.",1,SPEAKER_00,171.726,178.592
meeting02_importance_score,65,"So then I was like, hey, we have to tell Courtney because she's getting too involved and I don't want people to be manipulated.",1,SPEAKER_00,178.812,183.897
meeting02_importance_score,66,"So we told Courtney and then by proxy, Shayne had overheard.",1,SPEAKER_00,184.697,187.78
meeting02_importance_score,67,I realized looking back like I probably looked like a cold-hearted bastard because at these things I was never saying congrats or anything to you.,1,SPEAKER_01,187.76,199.497
meeting02_importance_score,68,"I was like, you probably give me like, I'm engaged.",0,SPEAKER_01,199.517,201.38
meeting02_importance_score,69,"And I was like, oh shit.",0,SPEAKER_01,201.4,206.127
meeting02_importance_score,70,"But I'm just like, oh shit.",0,SPEAKER_01,206.147,207.268
meeting02_importance_score,71,I realized I did not.,0,SPEAKER_01,207.308,208.53
meeting02_importance_score,72,play a bunch of a part in it.,0,SPEAKER_01,208.578,210.02
meeting02_importance_score,73,"And it's so okay, again, that's what I wanted.",1,SPEAKER_00,210.701,213.185
meeting02_importance_score,74,I wanted distance from it.,1,SPEAKER_00,213.205,215.027
meeting02_importance_score,75,"I wanted, because I think that's how I had told you and Olivia was, it was such a quick like, hey, just want to like let you in on this, now forget about it.",1,SPEAKER_00,215.348,223.099
meeting02_importance_score,76,"No, Arasha, my friend, my friend, I found out on Bit City by watching Bit City.",1,SPEAKER_02,223.119,229.188
meeting02_importance_score,77,I saw the reveal.,1,UNKNOWN,230.59,230.93
meeting02_importance_score,78,"Oh, but that it wasn't real, that it wasn't real, right?",0,SPEAKER_00,232.482,235.229
meeting02_importance_score,79,"I saw the reveal that it wasn't real, and it was just like, well, shit.",1,SPEAKER_01,235.249,237.655
meeting02_importance_score,80,But also like- That saved you from finding out in summer games.,1,SPEAKER_01,237.936,240.523
meeting02_importance_score,81,Which I wish.,0,SPEAKER_00,240.844,241.465
meeting02_importance_score,82,"Right, I got to have the shock at home.",1,SPEAKER_01,241.485,243.611
meeting02_importance_score,83,Yeah.,0,SPEAKER_00,243.791,244.613
meeting02_importance_score,84,Yeah.,0,UNKNOWN,244.774,244.874
meeting03_importance_score,0,How helpful is this going to be to Andrew Cuomo to have Trump and Musk behind him?,1,SPEAKER_01,0.034,4.661
meeting03_importance_score,1,To Andrew Cuomo?,0,SPEAKER_02,5.964,7.366
meeting03_importance_score,2,"I don't think very, I think he has done plenty of work himself to dig the hole deep enough that it's pretty obvious he's not going to win.",1,SPEAKER_02,7.386,12.875
meeting03_importance_score,3,"You know, for Zoran's campaign, My Group Leaders We Deserve was the largest contributor to the independent expenditure in support of him spending $300,000 in support.",1,SPEAKER_02,13.295,20.667
meeting03_importance_score,4,"And what I think, while there's a lot of debates going on right now in our party about do we go left, do we go to the right, do we go to the center,",1,SPEAKER_02,21.208,27.218
meeting03_importance_score,5,"There is a lot to be learned from this race, not necessarily about policy, no other city is like New York City, but a lot about the power of listening.",1,SPEAKER_02,27.458,34.627
meeting03_importance_score,6,"One of the things that Zuron did in this race is he went to voters and asked them, what do you want to see in your mayor?",1,SPEAKER_02,35.067,41.215
meeting03_importance_score,7,And listened to them and had a clear message around affordability.,1,SPEAKER_02,41.595,43.838
meeting03_importance_score,8,"And whether it's the governor's race in Virginia, the governor's race in New Jersey, or the mayoral race in New York, or other races around the country, there's a clear through line, even if some of them are more moderate and more to the left, of talking about affordability and not just saying,",1,SPEAKER_02,43.858,56.594
meeting03_importance_score,9,"Oh, we need to lower prices, but saying what they're actually going to do on it.",1,SPEAKER_02,56.77,59.974
meeting03_importance_score,10,"And it's a clear sign, in my view, that there's real generational change coming in our party, because the whole thing we didn't talk about when it was about Trump versus Biden is that the reason why we even have to debate that is because of how damn old they are.",1,SPEAKER_02,60.274,70.906
meeting03_importance_score,11,"Well, do you think that there's some truth to what he's saying, Penny?",1,SPEAKER_01,71.146,73.93
meeting03_importance_score,12,"The idea that, you know, Republicans have been saying, oh, he's a socialist, he's a socialist, as if that was going to be enough to stop Mom Donnie.",1,SPEAKER_01,73.95,81.298
meeting03_importance_score,13,but really what voters are responding to is what Mamdani is saying.,1,SPEAKER_01,81.57,84.753
meeting03_importance_score,14,Are Republicans misunderstanding what's happening here?,1,SPEAKER_01,85.154,87.316
meeting03_importance_score,15,"Well, I don't know.",0,SPEAKER_00,87.516,88.037
meeting03_importance_score,16,"I mean, I think he is a shiny object.",0,SPEAKER_00,88.077,90.119
meeting03_importance_score,17,"I think he's a good politician and he is up against a, you know, a former governor who left on a horrible note because of his behavior.",1,SPEAKER_00,90.159,99.148
meeting03_importance_score,18,And he has that horrific record of people dying during COVID and what he did in nursing homes.,1,SPEAKER_00,99.408,105.655
meeting03_importance_score,19,I was just recently with someone whose parents died because of that.,0,SPEAKER_00,105.715,108.978
meeting03_importance_score,20,And so I don't know why that was the best candidate that actually could come forward.,1,SPEAKER_00,109.058,114.924
meeting03_importance_score,21,"And by the way, there's only 16% of voters are Republicans in New York City.",1,SPEAKER_00,115.084,120.33
meeting03_importance_score,22,So let's not get confused here.,0,SPEAKER_00,120.35,122.352
meeting03_importance_score,23,"But the question is, though, 25% of people maybe will be voting.",1,SPEAKER_00,122.832,129.559
meeting03_importance_score,24,That's a low turnout vote because there's no big racism in the mayoral.,1,SPEAKER_00,129.82,134.404
meeting03_importance_score,25,"But the question is,",0,SPEAKER_00,134.885,135.986
meeting03_importance_score,26,Is the party going to become more like Mondami?,1,SPEAKER_00,136.322,139.631
meeting03_importance_score,27,Is that going to be the future of the Democratic Party?,1,SPEAKER_00,139.751,143.32
meeting03_importance_score,28,Is it?,0,SPEAKER_05,143.902,144.122
meeting03_importance_score,29,"Well, first let me say at this point, with Trump's endorsement and Elon's endorsement, Cuomo might as well get the Penguin and the Joker to endorse him.",1,SPEAKER_05,144.744,151.922
meeting03_importance_score,30,He's going to lose the race.,1,SPEAKER_05,152.203,153.426
meeting03_importance_score,31,"It's over, Mom.",0,SPEAKER_05,153.666,154.066
meeting03_importance_score,32,I'll just point out that the Penguin was once in a movie elected mayor of New York City.,0,SPEAKER_03,154.086,157.05
meeting03_importance_score,33,That is true.,0,SPEAKER_03,157.07,157.751
meeting03_importance_score,34,We'll just point that out.,0,SPEAKER_05,157.851,158.692
meeting03_importance_score,35,That is true.,0,SPEAKER_05,158.712,158.972
meeting03_importance_score,36,"Copperpot, right?",0,SPEAKER_05,158.992,160.133
meeting03_importance_score,37,"Oswald Copperpot, I think.",0,SPEAKER_05,160.353,161.755
meeting03_importance_score,38,Copperpot.,0,SPEAKER_04,161.795,162.215
meeting03_importance_score,39,Right.,0,SPEAKER_05,162.235,162.436
meeting03_importance_score,40,They're gonna come in here.,0,SPEAKER_05,162.616,163.397
meeting03_importance_score,41,"Okay, all right.",0,SPEAKER_05,163.477,164.538
meeting03_importance_score,42,Please bone up.,0,SPEAKER_04,165.399,166.08
meeting03_importance_score,43,I apologize.,0,SPEAKER_04,166.1,166.34
meeting03_importance_score,44,I'll brush up on my DC Comics before I come in.,0,SPEAKER_04,166.36,169.944
meeting03_importance_score,45,Mom Donnie's gonna win the race.,0,SPEAKER_05,170.084,171.265
meeting03_importance_score,46,He's going to be mayor.,0,SPEAKER_05,171.466,172.567
meeting03_importance_score,47,He ran a brilliant campaign.,1,SPEAKER_05,172.987,174.169
meeting03_importance_score,48,He's a brilliant messenger.,1,SPEAKER_05,174.209,175.19
meeting03_importance_score,49,"And, yeah, he copied a little bit of what Trump did.",1,SPEAKER_05,175.55,178.433
meeting03_importance_score,50,Simplified the messaging.,1,SPEAKER_05,178.594,179.795
meeting03_importance_score,51,"Repeat, rinse and repeat, rinse and repeat.",0,SPEAKER_05,180.215,182.578
meeting03_importance_score,52,"And he ran brilliant ads, and he's going to win.",1,SPEAKER_05,182.786,185.35
meeting03_importance_score,53,"Now, whether that's exportable to other places, listen, I don't think so.",1,SPEAKER_05,185.39,189.315
meeting03_importance_score,54,"I think there's places like Chicago and Portland, Seattle, you can create it.",1,SPEAKER_05,189.596,192.059
meeting03_importance_score,55,"It's hard to find a good candidate, right, a good messenger, like how many AOCs are out there, right, when you're talking about someone who can message.",1,SPEAKER_05,192.299,198.869
meeting03_importance_score,56,"But look, when you're talking about the suburbs, no, Mom Donnie is not going to win in Boca Raton.",1,SPEAKER_05,199.55,203.535
meeting03_importance_score,57,"Quick 30 seconds, Scott.",0,SPEAKER_01,203.615,204.877
meeting03_importance_score,58,"Yeah, look, he's probably going to win.",1,SPEAKER_03,204.897,206.219
meeting03_importance_score,59,"I mean, it's a Democrat town, and they're going to elect a socialist to run the financial capital of the world.",1,SPEAKER_03,206.399,211.186
meeting03_importance_score,60,"I mean, you gave him 300 grand.",1,SPEAKER_03,211.714,213.396
meeting03_importance_score,61,That's interesting.,0,SPEAKER_03,213.416,213.896
meeting03_importance_score,62,That's probably the only 309 Islamo-Marxist grand that he got.,1,SPEAKER_03,213.916,217.761
meeting03_importance_score,63,I saw Linda Sarsour today bragging about all the money that's coming from all over the world.,1,SPEAKER_03,217.821,222.666
meeting03_importance_score,64,They actually have a public financing system for their elections in New York.,1,SPEAKER_02,222.686,225.009
meeting03_importance_score,65,"And honestly, I think part of the reason he's so powerful is because people are tired of being lectured by men with Rolexes on CNN about affordability in this country.",1,SPEAKER_02,226.35,234.459
meeting03_importance_score,66,That's the real reason he is resonating right now.,1,SPEAKER_02,234.58,236.722
meeting03_importance_score,67,"because he has a clear message that actually says, this is what I plan to do.",1,SPEAKER_02,237.25,240.914
meeting03_importance_score,68,"And the party, I don't think this is about going to the left or the right, to be honest with you.",1,SPEAKER_02,240.994,244.038
meeting03_importance_score,69,Do I agree with Zoron much more than a lot of other Democrats in our party?,1,SPEAKER_02,244.358,247.382
meeting03_importance_score,70,Certainly.,0,SPEAKER_02,247.742,248.042
meeting03_importance_score,71,But I think we need to meet voters where they're at in their districts.,1,SPEAKER_02,248.123,250.525
meeting03_importance_score,72,"In some districts, that's going to be their work.",1,SPEAKER_02,250.585,253.188
meeting03_importance_score,73,But you want a socialist future for your party.,1,SPEAKER_03,253.329,255.01
meeting03_importance_score,74,I want a future where everybody has health care and people can afford a good life.,1,SPEAKER_02,255.291,259.816
meeting04_importance_score,0,"One thing that I will say is there are parallels, believe it or not, between Spanberger, who I will admit is definitely one of these blue dog Democrats, a centrist, and then Zoran Mamdani, who's, you know, a self-described democratic socialist.",1,SPEAKER_02,0.034,12.613
meeting04_importance_score,1,They both focused on affordability.,1,SPEAKER_02,13.034,14.756
meeting04_importance_score,2,"So, obviously, I mean, it seems so intuitive, it seems so easy and simplistic, but focusing on the issues that actually affect everyday people",1,SPEAKER_02,15.457,26.354
meeting04_importance_score,3,is what wins the votes.,1,SPEAKER_02,26.466,27.948
meeting04_importance_score,4,Everybody started Trump in 2024.,1,SPEAKER_02,27.968,28.99
meeting04_importance_score,5,That's right.,0,SPEAKER_02,29.17,29.751
meeting04_importance_score,6,"It was also against the inflation, right?",1,SPEAKER_02,29.771,32.134
meeting04_importance_score,7,"But to that point, because of the fact that inflation continues to be a problem and affordability continues to be a problem and Trump hasn't delivered, it is now becoming a political liability for Trump.",1,SPEAKER_02,32.154,44.072
meeting04_importance_score,8,"And I think that when it comes to Zoran Mamdani in particular, as mayor, he doesn't really have as much power as",1,SPEAKER_02,44.212,50.642
meeting04_importance_score,9,people would like to believe he would have.,1,SPEAKER_02,50.754,52.216
meeting04_importance_score,10,And so he might not be able to deliver everything that he's been kind of running on.,1,SPEAKER_02,52.697,58.685
meeting04_importance_score,11,And that's going to be a liability for him.,1,SPEAKER_02,58.725,60.247
meeting04_importance_score,12,"So he's already put out, you know, some messaging that indicates he's trying to temper.",1,SPEAKER_02,60.307,63.551
meeting04_importance_score,13,"Actually the best thing for him, if you're actually able to do all the things he wanted to do, he would destroy the city.",1,SPEAKER_02,63.571,68.017
meeting04_importance_score,14,So the best thing for him is to actually not get most of the things he wants to do done.,1,SPEAKER_02,68.037,72.223
meeting04_importance_score,15,And then he can blame the system for them not having happened.,1,SPEAKER_01,72.583,74.346
meeting04_importance_score,16,And then the city will survive.,1,SPEAKER_01,74.366,75.327
meeting04_importance_score,17,The best thing that's going to happen to Madani is the government overreach.,1,SPEAKER_01,75.467,77.65
meeting04_importance_score,18,Because the government overreach is going to keep him from doing all of the things that he said he wants to do.,1,SPEAKER_01,77.794,82.051
meeting04_importance_score,19,"I don't know if he'll be able to get a lot of those things done, to Ben's point.",1,SPEAKER_01,82.111,84.962
meeting04_importance_score,20,But the fact that Trump is going to be such a thorn in his ass.,1,SPEAKER_01,85.304,87.954
meeting04_importance_score,21,That's going to be his excuse.,1,SPEAKER_00,88.034,89.155
meeting04_importance_score,22,"You know, I think it's also interesting, Anna, you talk about addressing issues that everyday people are living with every day.",1,SPEAKER_00,89.616,94.061
meeting04_importance_score,23,I also think the manner in which the candidates that are really rising to the top here did campaign largely on social media.,1,SPEAKER_00,94.121,99.187
meeting04_importance_score,24,"Using trending issues, making memes, making funny survivor type ads for mayor of New York City.",1,SPEAKER_00,99.588,105.315
meeting04_importance_score,25,That's really resonating with people.,1,SPEAKER_00,105.595,106.957
meeting04_importance_score,26,It certainly did with Donald Trump as well.,1,SPEAKER_00,107.017,108.559
meeting04_importance_score,27,We talk about the meme wars a lot the last couple of years.,1,SPEAKER_00,108.579,111.442
meeting04_importance_score,28,And I think just the nature of how candidates are messaging their ideas to people has to start taking place in a different venue.,1,SPEAKER_00,111.522,118.13
meeting04_importance_score,29,"If you fail to catch up with that, you're learning the hard way that there's really no longer a place for you on the American right or left.",1,SPEAKER_00,118.15,122.957
meeting04_importance_score,30,"By the way, are y'all agreeing?",0,SPEAKER_00,123.157,125.059
meeting04_importance_score,31,Y'all think Zoron's going to win hands down?,1,SPEAKER_00,125.079,126.481
meeting04_importance_score,33,I'm not sure.,0,SPEAKER_00,127.462,127.843
meeting04_importance_score,34,"I mean, I think he will win, but all the polls keep showing, courtesy of clocking in at anywhere between 12 and 17 percent.",1,SPEAKER_00,127.883,135.392
meeting04_importance_score,36,"I'm just gonna put it out there, no effing way.",1,SPEAKER_00,136.994,139.217
meeting04_importance_score,37,"We're gonna find out soon enough, Ben.",0,SPEAKER_00,139.237,140.278
meeting04_importance_score,38,Not happening.,0,SPEAKER_00,140.319,140.979
meeting04_importance_score,39,A couple more minutes.,0,SPEAKER_00,141.16,143.743
meeting04_importance_score,40,"Those are my friends who are responding to polls, right?",0,SPEAKER_05,144.524,146.847
meeting04_importance_score,41,"And my friends are getting called up and like, I hate Andrew Cuomo, he killed all the old people and grabbed ass and he ran out of old people.",1,SPEAKER_05,146.867,152.075
meeting04_importance_score,42,"And I hate Zor Mamdani, who is a communist who has some pro-jihadi leanings.",1,SPEAKER_03,152.095,157.542
meeting04_importance_score,43,"But you know what, I'm just gonna say Sliwa.",1,SPEAKER_05,157.562,159.184
meeting04_importance_score,44,"And then they're gonna get in there and be like,",0,SPEAKER_05,159.204,160.466
meeting04_importance_score,45,"But am I, though?",0,SPEAKER_04,160.802,161.904
meeting04_importance_score,46,"Like, do I love berets that much?",0,SPEAKER_05,162.064,163.306
meeting04_importance_score,47,"Like, how much do I love?",0,SPEAKER_05,163.366,164.087
meeting04_importance_score,48,"Like, on a scale of one to ten.",0,SPEAKER_05,164.107,165.028
meeting04_importance_score,49,"When you meet him, though, he's a nice guy, man.",1,SPEAKER_04,165.048,167.011
meeting04_importance_score,50,When you sit down and have a conversation with him.,0,SPEAKER_04,167.031,168.974
meeting04_importance_score,51,And you know he's a real public servant.,1,SPEAKER_05,168.994,170.616
meeting04_importance_score,52,"I mean, he was a guardian angel for a million years, right?",0,SPEAKER_05,170.656,172.76
meeting04_importance_score,53,"Like, you know he actually is a public servant.",1,SPEAKER_05,172.8,174.122
meeting04_importance_score,54,I kind of like that part of his past.,0,SPEAKER_05,174.142,175.283
meeting04_importance_score,55,Me too.,0,SPEAKER_05,175.303,175.464
meeting04_importance_score,56,"I know that he also has some shady things, whatever, but like...",0,SPEAKER_05,175.484,178.067
meeting04_importance_score,57,But he admitted to it.,0,SPEAKER_05,178.087,178.768
meeting04_importance_score,58,"He did, exactly.",0,SPEAKER_05,179.089,179.81
meeting04_importance_score,59,"He was like, yo, I did it.",0,SPEAKER_05,179.85,180.371
meeting04_importance_score,60,"I like the authenticity, and I like the fact that he cares about crime, right?",1,SPEAKER_05,180.912,185.298
meeting04_importance_score,61,"To that point, Zoran Mamdani, I think, really did himself a favor by moderating some of his messaging from 2020, for instance, right?",1,SPEAKER_05,185.762,193.337
meeting04_importance_score,62,"Focusing on how, no, we do need our public servants, we do need sworn officers, but I would like to beef up the NYPD by actually adding social workers to the mix instead of getting rid of cops.",1,SPEAKER_05,193.718,207.826
meeting04_importance_score,63,"and replacing them with social workers, I think it makes sense to add social workers.",1,SPEAKER_03,207.906,211.318
meeting04_importance_score,64,"Now, is he really going to be able to do that?",0,SPEAKER_03,211.339,212.884
meeting04_importance_score,65,"I don't know, but in terms of political messaging, I think that was smart.",1,SPEAKER_03,213.005,216.176
meeting04_importance_score,66,"If he wins, it will be really a great referendum on",1,SPEAKER_03,216.216,218.866
meeting04_importance_score,67,"third grade running for class president politics, because the way we all ran for class president in third grade, for those of us who ran for class president and maybe didn't win in third grade, was the free ice cream platform.",1,SPEAKER_02,219.01,229.599
meeting04_importance_score,68,But Trump kind of ran that way as well.,1,SPEAKER_02,229.619,231.261
meeting04_importance_score,69,"I mean, that's just amazing.",0,SPEAKER_02,231.421,232.402
meeting04_importance_score,70,He literally went to McDonald's and was giving out fries and burgers.,1,SPEAKER_02,232.522,235.845
meeting04_importance_score,71,But did the burgers arrive?,0,SPEAKER_02,235.965,236.986
meeting04_importance_score,72,"And that was smart, by the way.",0,SPEAKER_02,237.006,237.826
meeting04_importance_score,73,On time.,0,SPEAKER_02,237.926,238.627
meeting04_importance_score,74,"Hot and fresh, let me tell you.",0,SPEAKER_02,238.667,240.308
meeting04_importance_score,75,And he was great with the fries.,1,SPEAKER_02,240.429,241.429
meeting04_importance_score,76,He looked very comfortable in there.,1,SPEAKER_02,241.449,242.751
meeting04_importance_score,77,He did.,0,SPEAKER_02,242.791,243.211
meeting04_importance_score,78,"Mom Donnie is promising free buses, transgender surgeries for cats, everything he could possibly want.",1,SPEAKER_02,243.251,248.996
meeting04_importance_score,79,It's coming from tax revenue that doesn't exist.,1,SPEAKER_02,248.976,256.486
meeting04_importance_score,80,"It's coming from tax revenue that the governor is saying, I'm not getting you that tax revenue.",0,SPEAKER_02,256.526,259.631
meeting04_importance_score,81,"And he's just like, well, I'll magic it right here in this hat.",1,SPEAKER_02,259.891,263.836
meeting04_importance_score,82,"I mean, if the best campaign wins, when Donnie should win, because he ran the best campaign against candidates that",1,UNKNOWN,264.317,270.866
meeting04_importance_score,83,"Aren't the strongest, right?",0,UNKNOWN,271.042,272.366
meeting04_importance_score,84,"And it's a message, a message of affordability.",1,UNKNOWN,272.627,279.349
meeting04_importance_score,85,I feel like the messaging of affordability will work anywhere in America.,1,UNKNOWN,279.409,282.92
meeting05_importance_score,0,"Yes, nice vibes.",0,SPEAKER_02,0.0,2.944
meeting05_importance_score,1,"I think, yeah, the way you treat people is the most important part of life in general.",1,SPEAKER_02,3.064,11.734
meeting05_importance_score,2,"And like, it really is.",0,SPEAKER_02,12.015,13.937
meeting05_importance_score,3,"Also, I mean, the experience and the relationships you can make are what really you hold on to afterwards.",1,SPEAKER_02,13.977,22.948
meeting05_importance_score,4,"It's like, sure, the finished product is important, but like,",1,SPEAKER_02,23.929,27.794
meeting05_importance_score,5,how you get there is really what sticks with you forever.,1,SPEAKER_02,28.098,31.643
meeting05_importance_score,6,"And that, yeah, I'm so grateful to have worked with people I love and have experiences that I love.",1,SPEAKER_02,32.044,41.757
meeting05_importance_score,7,"And there is nothing more rewarding too than I think it's like the most beautiful thing people can do to like cooperate together, create together.",1,SPEAKER_02,41.898,53.494
meeting05_importance_score,8,"I mean, I'm sure you do it with cooking as well that like,",1,SPEAKER_02,53.514,56.338
meeting05_importance_score,9,"when people can work together and make something together and treat each other kindly while they're doing it, it just feels like the magic of when an orchestra plays together and it's just gorgeous music or something, you know?",1,SPEAKER_02,57.218,70.014
meeting05_importance_score,10,"Speaking of all the actors that love you, I was chatting with my friend Drew Elliott, who",1,SPEAKER_00,70.034,79.026
meeting05_importance_score,11,Drew Elliott!,0,SPEAKER_02,79.266,82.369
meeting05_importance_score,12,Yes?,0,SPEAKER_02,82.39,82.67
meeting05_importance_score,13,Tell Drew Elliott I say hi and I miss him.,0,SPEAKER_02,82.69,85.533
meeting05_importance_score,14,"So I was chatting to Drew Elliott, my friend Drew, and we were having a back and forth and he said, what are you doing?",1,SPEAKER_00,85.553,90.819
meeting05_importance_score,15,"And I said, I've got Natalie Portman on dish tomorrow.",1,SPEAKER_00,90.839,93.122
meeting05_importance_score,16,"And he said, I went to summer camp with her.",1,SPEAKER_00,93.182,95.404
meeting05_importance_score,17,We did go to summer camp.,0,SPEAKER_02,95.504,96.726
meeting05_importance_score,18,"I was like, what?",0,SPEAKER_02,96.746,97.707
meeting05_importance_score,19,Did he tell you about the big fight we had?,1,SPEAKER_02,98.267,99.829
meeting05_importance_score,20,Was it due to a retainer?,1,SPEAKER_00,100.49,102.112
meeting05_importance_score,21,Yes.,0,SPEAKER_03,102.232,104.855
meeting05_importance_score,22,Okay.,0,SPEAKER_00,105.656,105.816
meeting05_importance_score,23,"All he said was,",0,SPEAKER_00,106.437,107.698
meeting05_importance_score,24,Ask her about my retainer.,0,SPEAKER_00,107.906,110.189
meeting05_importance_score,25,What happened?,1,SPEAKER_00,110.83,112.513
meeting05_importance_score,26,Do tell us.,0,SPEAKER_00,112.533,113.053
meeting05_importance_score,27,"Well, we'd have the like, you know, like lunch room where we all had lunch together.",1,SPEAKER_02,113.514,120.003
meeting05_importance_score,28,"It was theater camp, by the way.",1,SPEAKER_02,120.043,121.826
meeting05_importance_score,29,"Oh, okay.",0,SPEAKER_02,121.846,123.168
meeting05_importance_score,30,So we spent the whole day doing like singing and dancing and acting classes.,1,SPEAKER_02,123.188,127.915
meeting05_importance_score,31,And then we'd gather for lunch and Drew would take his retainer out and put it on the table while we were having lunch.,1,SPEAKER_02,128.656,135.986
meeting05_importance_score,32,"And I said, please don't do that.",1,SPEAKER_02,136.258,137.72
meeting05_importance_score,33,It's unappetizing.,0,SPEAKER_02,139.461,141.223
meeting05_importance_score,34,And he was very offended.,0,SPEAKER_02,142.004,143.686
meeting05_importance_score,35,And he didn't talk to me for a little.,1,SPEAKER_02,143.886,145.828
meeting05_importance_score,36,But then we made up.,0,SPEAKER_02,146.149,147.01
meeting05_importance_score,37,Okay.,0,SPEAKER_00,147.03,147.63
meeting05_importance_score,38,How long was it?,1,SPEAKER_00,147.65,148.371
meeting05_importance_score,39,"Because I imagine quite dramatic at a theatre camp, a fallout.",1,SPEAKER_00,148.391,151.595
meeting05_importance_score,40,It was a dramatic theatre camp.,0,SPEAKER_02,151.615,155.259
meeting05_importance_score,41,True.,0,SPEAKER_02,156.1,156.24
meeting05_importance_score,42,I don't remember.,0,SPEAKER_02,156.94,158.422
meeting05_importance_score,43,And did he put it away or he left it there?,1,SPEAKER_01,158.762,160.604
meeting05_importance_score,44,I think he...,0,SPEAKER_02,161.445,162.066
meeting05_importance_score,45,"I think he did put it away, but also iced me for a few weeks.",1,SPEAKER_02,162.402,167.548
meeting05_importance_score,46,He never recovered.,0,SPEAKER_00,167.568,168.609
meeting05_importance_score,47,He's got the most f***ed up teeth.,1,SPEAKER_00,168.629,173.915
meeting05_importance_score,48,He's like this.,0,SPEAKER_00,173.935,175.316
meeting05_importance_score,49,"He's like, Natalie destroyed it the next time.",1,SPEAKER_00,175.577,178.199
meeting05_importance_score,50,"I was like, no way.",0,SPEAKER_01,178.3,179.281
meeting05_importance_score,51,I love that Drew.,0,SPEAKER_02,179.301,180.963
meeting05_importance_score,52,We love that Drew.,0,SPEAKER_00,181.043,181.924
meeting05_importance_score,53,We love that Drew.,0,SPEAKER_00,181.944,182.885
meeting05_importance_score,54,"And we mentioned awards, not just any measly schmeezy award at the start of the show.",1,SPEAKER_00,183.265,187.73
meeting05_importance_score,55,the big O at the Oscar.,1,SPEAKER_00,187.874,189.356
meeting05_importance_score,56,What happens to one life when you go to things afterwards?,1,SPEAKER_00,189.596,195.703
meeting05_importance_score,57,Because imagine like your day-to-day life is pretty much the same.,1,SPEAKER_00,195.723,198.006
meeting05_importance_score,58,But what happens when you start winning an Oscar and you win these big awards?,1,SPEAKER_00,198.267,202.552
meeting05_importance_score,59,Do you think about your career differently?,1,SPEAKER_00,203.473,205.215
meeting05_importance_score,60,Does it make people behave to you differently?,1,SPEAKER_00,205.355,207.618
meeting05_importance_score,61,What happens?,1,SPEAKER_00,208.219,208.719
meeting05_importance_score,62,"Or are you just like, eh?",1,SPEAKER_00,208.739,209.48
meeting05_importance_score,63,"No, no, I don't think so.",1,SPEAKER_02,209.5,211.763
meeting05_importance_score,64,The main thing was I was pregnant when I went through,1,SPEAKER_02,212.264,217.65
meeting05_importance_score,65,that award season.,0,SPEAKER_02,217.89,219.031
meeting05_importance_score,66,"So I couldn't drink at all during like all of those events, which was hard.",1,SPEAKER_02,219.091,226.619
meeting05_importance_score,67,It's a lot of like...,0,SPEAKER_00,226.639,233.145
meeting05_importance_score,68,It's a lot of stress.,1,SPEAKER_00,233.305,235.167
meeting05_importance_score,69,It's a lot of attention.,1,SPEAKER_00,235.227,237.149
meeting05_importance_score,70,It's a lot of... And I was sober while everyone else was not.,1,SPEAKER_02,237.169,241.933
meeting05_importance_score,71,"And also I was so big, like,",1,SPEAKER_02,241.954,246.578
meeting05_importance_score,72,"Everyone was like, oh, you're gonna pop.",1,SPEAKER_02,246.754,249.24
meeting05_importance_score,73,"Like, and I was like, I'm four months pregnant.",1,SPEAKER_02,249.802,252.89
meeting05_importance_score,74,"Everyone was like, you must be giving birth tomorrow.",1,SPEAKER_02,252.97,256.659
meeting05_importance_score,75,What if it doesn't happen on the red carpet?,1,SPEAKER_02,256.679,258.845
meeting05_importance_score,76,"And I was like, I've got five more months to go.",1,SPEAKER_02,258.865,264.178
meeting05_importance_score,77,"Yeah, so I was definitely eating my way.",1,SPEAKER_02,264.29,267.674
meeting05_importance_score,78,I was probably the only actress eating my way to the Oscars.,1,SPEAKER_02,267.754,274.022
meeting05_importance_score,79,I really...,0,SPEAKER_02,274.042,274.983
meeting05_importance_score,80,I had a mille-feuille every day.,1,SPEAKER_02,275.804,278.287
meeting05_importance_score,81,That was when I was still vegetarian.,1,SPEAKER_02,278.328,280.01
meeting05_importance_score,82,I had one every day of my pregnancy.,1,SPEAKER_02,280.55,282.333
meeting05_importance_score,83,Absolutely.,0,SPEAKER_00,282.413,283.574
meeting05_importance_score,84,It was a joy.,0,SPEAKER_00,284.015,286.338
meeting05_importance_score,85,And then where is it now?,1,SPEAKER_00,286.358,288.64
meeting05_importance_score,86,Where do you put it?,1,SPEAKER_00,288.881,289.682
meeting05_importance_score,87,It's in my safe...,0,SPEAKER_02,291.484,293.106
meeting05_importance_score,88,"You know, someone said to me, like, it's literally like in the Bible when they talk about, like, golden idol worship, you know?",1,SPEAKER_02,293.826,302.415
meeting05_importance_score,89,It's literally that.,0,SPEAKER_02,302.875,303.776
meeting05_importance_score,90,"And I was like, oh, yeah.",1,SPEAKER_02,304.297,305.638
meeting05_importance_score,91,"So, yeah, yeah.",1,SPEAKER_02,306.399,307.82
meeting05_importance_score,92,"Yeah, I mean, it's always one of those things because when you, you know, we have people on or have people on the radio who've won awards.",1,SPEAKER_00,308.06,314.166
meeting05_importance_score,93,"And I always think, because you don't have them like out out.",1,SPEAKER_00,314.707,318.311
meeting05_importance_score,94,Because it's quite crazy to have it like in your living room.,1,SPEAKER_00,318.571,321.173
meeting05_importance_score,95,Yeah.,0,SPEAKER_02,321.314,321.714
meeting05_importance_score,96,"You know, like your family will be like, we get it.",1,SPEAKER_00,321.794,323.596
meeting05_importance_score,97,It's a little like having like a giant portrait of yourself on the wall.,1,SPEAKER_02,323.856,328.76
meeting05_importance_score,98,"Some people do it, but...",0,SPEAKER_02,328.78,330.281
meeting05_importance_score,99,Some people do.,0,SPEAKER_01,330.301,331.022
meeting05_importance_score,100,Some people do.,0,SPEAKER_00,331.082,331.603
meeting05_importance_score,101,"But it's also something that, you know, you worked hard at and you're talented and you deserved it.",1,SPEAKER_00,332.083,337.207
meeting05_importance_score,102,"So it's one of those funny things, like I always say, I remember...",1,SPEAKER_00,337.227,339.569
meeting05_importance_score,103,"I don't know, a lot of people work hard and a lot of people are talented.",1,SPEAKER_00,339.589,342.732
meeting05_importance_score,104,It's funny.,0,SPEAKER_00,342.752,343.253
meeting05_importance_score,105,"Yeah, stick it in the safe.",1,SPEAKER_01,343.493,345.214
meeting05_importance_score,106,Stick it in the safe.,0,SPEAKER_01,345.234,346.135
meeting05_importance_score,107,"Yeah, because people like footballers will have their shirts up or record, you know, people do have lots of them.",1,SPEAKER_01,346.155,351.78
meeting05_importance_score,108,"Yeah, I always remember Florence and the Machine fame having her Brit award, or one of her Brit awards, as a kitchen roll holder.",1,SPEAKER_00,351.76,361.983
meeting05_importance_score,109,"Oh, that's cool.",0,SPEAKER_00,362.223,362.544
meeting05_importance_score,110,"And I was like, that's quite good, because it's there, but it's covered.",1,SPEAKER_00,362.564,364.989
meeting05_importance_score,111,That's a good idea.,0,SPEAKER_00,365.11,365.871
meeting05_importance_score,112,"Yeah, good idea.",0,SPEAKER_00,366.012,367.174
meeting05_importance_score,113,You stick a kitchen roll on your Oscar.,1,SPEAKER_00,367.275,368.918
meeting05_importance_score,114,That's a good idea.,0,SPEAKER_00,368.938,370.642
meeting05_importance_score,115,"Because then it's like, you know, it's heads popping out.",1,SPEAKER_00,370.882,373.688
meeting05_importance_score,116,"That's a real, like, kind of like backhanded, like, flex.",1,SPEAKER_02,373.708,377.816
meeting05_importance_score,117,Yeah.,0,SPEAKER_00,377.836,378.597
meeting05_importance_score,118,It just helps me a lot.,1,SPEAKER_00,378.617,380.12
meeting05_importance_score,119,Whatever.,0,SPEAKER_02,380.16,380.681
meeting05_importance_score,120,I don't even care.,0,SPEAKER_02,380.802,382.505
meeting05_importance_score,121,She's a door star.,0,SPEAKER_02,383.347,384.549
meeting05_importance_score,122,Whatever.,0,SPEAKER_00,385.912,386.994
meeting06_importance_score,0,"And by the way, Andrew Cuomo wouldn't fix it, and Mondani's not gonna fix it, and Sleeb wouldn't fix it.",1,SPEAKER_03,0.066,3.57
meeting06_importance_score,1,"Okay, none of those three guys are gonna fix the affordability crisis in New York City, and it's just not gonna happen, to be real.",1,SPEAKER_03,3.61,8.095
meeting06_importance_score,2,"Yeah, or none of them except for maybe Mondani is really gonna try to challenge capitalism.",1,SPEAKER_04,8.115,12.339
meeting06_importance_score,3,And that's the problem.,1,SPEAKER_04,12.359,14.041
meeting06_importance_score,4,"Oh, here we go.",1,SPEAKER_04,14.061,14.362
meeting06_importance_score,5,"I mean, that's just the reality of the situation.",1,SPEAKER_04,14.382,16.184
meeting06_importance_score,6,"Now, by the way, I am a compassionate capitalist, but I'm just simply saying that, you know, both parties do not want to really challenge capitalism.",1,SPEAKER_04,16.204,23.291
meeting06_importance_score,7,"Until you really want to challenge capitalism, you know, nothing's gonna change in this country.",1,SPEAKER_04,23.311,26.255
meeting06_importance_score,8,"Well, the problem in New York is not enough capitalism.",1,SPEAKER_03,26.315,29.298
meeting06_importance_score,9,"Frankly, I mean, if you want, if you want, if you want more housing, if you want more housing starts, when you really think about it, if you want more housing starts, you need to remove the regulations on building.",1,SPEAKER_03,29.634,37.805
meeting06_importance_score,10,That's a pure capitalist solution.,1,SPEAKER_03,38.025,40.428
meeting06_importance_score,11,"This isn't, by the way, that's not even a right wing thing.",1,SPEAKER_03,40.448,42.191
meeting06_importance_score,12,Yeah.,0,SPEAKER_03,42.351,42.551
meeting06_importance_score,13,"I mean, this is, I understand that it's now become sort of memed in left wing circles to mention as recline and abundance.",1,SPEAKER_03,42.571,48.098
meeting06_importance_score,14,But Ezra is right about it.,1,SPEAKER_03,48.239,49.881
meeting06_importance_score,15,Ezra is actually right about this.,1,SPEAKER_03,49.981,51.182
meeting06_importance_score,16,Okay.,0,SPEAKER_03,51.263,51.643
meeting06_importance_score,17,"Because that actually is not, listen,",1,SPEAKER_03,51.663,53.906
meeting06_importance_score,18,"I'm happy to take credit for that as a conservative solution, is that you need more supply of a thing if you want the price to go down.",1,SPEAKER_03,53.986,58.977
meeting06_importance_score,19,This is just basic rote capitalism.,1,SPEAKER_03,59.197,61.101
meeting06_importance_score,20,"And the idea that Zormam Doni is going to single-handedly sort of wave his wand and freeze all the rents, and that will have no downstream impact.",1,SPEAKER_03,61.582,68.818
meeting06_importance_score,21,is just wrong.,1,SPEAKER_03,68.898,70.079
meeting06_importance_score,22,"I mean, I'm just wondering, New York has been governed in the past 10 years by Bill de Blasio and Eric Adams, and now probably Zoran Mamdani, and the solution is more government and more socialism?",1,SPEAKER_03,70.099,78.989
meeting06_importance_score,23,You consider Eric Adams to be a very liberal gentleman?,1,SPEAKER_03,79.33,82.133
meeting06_importance_score,24,"I mean, he's certainly not a very conservative gentleman.",1,SPEAKER_03,82.313,84.055
meeting06_importance_score,25,"He's not as conservative as, say, Michael Bloomberg, but he's certainly much more conservative.",1,SPEAKER_03,84.235,87.739
meeting06_importance_score,26,"On the spectrum of school economics or Vienna school economics, where does Eric Adams fall?",1,SPEAKER_03,87.759,92.184
meeting06_importance_score,27,I don't think it's about,1,SPEAKER_01,92.264,93.906
meeting06_importance_score,28,"whether there's too much regulation or too little regulation, it's about smart regulation.",1,SPEAKER_01,94.306,98.495
meeting06_importance_score,29,So I'll give you a specific example.,1,SPEAKER_01,98.535,99.777
meeting06_importance_score,30,"In LA, there actually has been a lot of housing construction, but they're all like these luxury high rise buildings where the units go for like $3,000 minimum, but up to like $6,000 if you want like a really nice one bedroom rather than a studio.",1,SPEAKER_01,100.278,115.57
meeting06_importance_score,31,a lot of them sit vacant.,1,SPEAKER_01,115.746,117.008
meeting06_importance_score,32,And what's interesting is the developers or the landlords don't lower the monthly rent.,1,SPEAKER_01,117.268,121.193
meeting06_importance_score,33,Why are they doing that?,1,SPEAKER_01,121.313,122.274
meeting06_importance_score,34,"Well, there was an issue where basically the landlords would do these non-refundable rental application fees up to like $75 per rental application.",1,SPEAKER_01,122.695,132.588
meeting06_importance_score,35,"They wouldn't rent it out to anybody, but they kept accepting the rental application fees.",1,SPEAKER_01,132.628,137.614
meeting06_importance_score,36,So the one smart regulation that the legislature in California did,1,SPEAKER_01,137.995,143.762
meeting06_importance_score,37,is they made sure that those rental fees are in fact refundable if the person who applied for them didn't end up getting accepted for the unit.,1,SPEAKER_01,143.842,152.277
meeting06_importance_score,38,"And so now you're starting to see those units start to fill up again, right?",1,SPEAKER_01,152.798,156.204
meeting06_importance_score,39,"So smart regulation, but I agree with you in terms of codes, zoning codes, and things like that, environmental regulations that aren't really about the environment, but really about preventing-",1,SPEAKER_01,156.285,165.842
meeting06_importance_score,40,The Palisades have been burned for like a year.,1,SPEAKER_03,165.922,167.183
meeting06_importance_score,41,Nothing's getting built.,1,SPEAKER_03,167.203,168.485
meeting06_importance_score,42,Nothing.,1,SPEAKER_03,168.545,169.005
meeting06_importance_score,43,You're totally right about that.,1,SPEAKER_01,169.025,169.866
meeting06_importance_score,44,All my friends who are living in the Palisades are still living in their second houses.,1,SPEAKER_03,169.886,172.649
meeting06_importance_score,45,"And there's a lot of corruption, too, when it comes to those types of issues, especially with building permits, who gets qualified for it, who doesn't.",1,SPEAKER_01,172.829,180.056
meeting06_importance_score,46,It won't let you rent your garage to people.,1,SPEAKER_03,180.116,181.457
meeting06_importance_score,47,Right.,0,SPEAKER_03,181.597,181.757
meeting06_importance_score,48,They have all these dumb historic regulations.,1,SPEAKER_03,182.158,184.941
meeting06_importance_score,49,And it's the same thing over here.,1,SPEAKER_03,184.961,186.122
meeting06_importance_score,50,"If you actually want cheaper housing, you have to let people build cheaper housing.",1,SPEAKER_03,186.782,190.726
meeting06_importance_score,51,"Where would you build in New York, though?",1,SPEAKER_02,190.926,192.628
meeting06_importance_score,52,"You'd build up, right?",1,SPEAKER_01,192.648,193.409
meeting06_importance_score,53,You could build up.,1,SPEAKER_02,193.529,194.61
meeting06_importance_score,54,"I mean, we basically run out of space on the West Side.",1,SPEAKER_02,194.754,196.997
meeting06_importance_score,55,"When I was a kid, there was no space basically here.",1,SPEAKER_02,197.017,199.141
meeting06_importance_score,56,"Hudson Yards, where we are currently, is literally something that just came up in the last, you know, 10 years, essentially.",1,SPEAKER_02,199.161,205.871
meeting06_importance_score,57,"But I want to broaden out this conversation a little bit insofar as we're kind of dancing around socialism, leftism.",1,SPEAKER_02,206.231,213.402
meeting06_importance_score,58,"Are we, as a country, becoming more, let's say, socialist, curious?",1,SPEAKER_02,213.422,218.49
meeting06_importance_score,59,Is this just a Democratic Party phenomenon?,1,SPEAKER_02,218.911,221.595
meeting06_importance_score,60,"I mean, we're talking about more than 60%",1,SPEAKER_02,221.615,223.858
meeting06_importance_score,61,"of the Democratic party or Democratic people who register or identify as Democrats who say that they have a favorable view of socialism, according to Gallup, and now less than a majority say they have a favorable view of capitalism, which I just didn't think I'd ever see the day, but here we are in 2025, and New York City seems to me, we'll find out what happens when the polls actually close,",1,SPEAKER_02,224.002,245.586
meeting06_importance_score,62,on the verge of electing a Democratic Socialist?,1,SPEAKER_02,245.73,248.474
meeting06_importance_score,63,"Yeah, but I don't think it's because he keeps calling himself a Democratic Socialist.",1,SPEAKER_04,248.494,251.258
meeting06_importance_score,64,I just really think it's because he keeps talking about affordability.,1,SPEAKER_04,251.278,253.381
meeting06_importance_score,65,I think sometimes we complicate politics.,1,SPEAKER_04,253.441,256.166
meeting06_importance_score,66,People want two things in this country.,1,SPEAKER_04,256.186,257.528
meeting06_importance_score,67,"They want more money in their pocket, and they want to feel safe.",1,SPEAKER_04,257.568,260.071
meeting06_importance_score,68,"Whoever can make them feel like they're going to put more money in their pocket and make them feel like they're going to be safe, they're going to always win.",1,SPEAKER_04,260.332,267.282
meeting06_importance_score,69,I don't know.,1,SPEAKER_00,267.33,267.69
meeting06_importance_score,70,"I could have told you 10 years ago on college campuses doing activism in the conservative movement that the left has been flirting with legitimate socialism for a very, very, very long time.",1,SPEAKER_00,267.73,275.937
meeting06_importance_score,71,They have programmed young people to believe that socialism really is something that it's not.,1,SPEAKER_00,276.178,279.861
meeting06_importance_score,72,And that's why we slap this fancy Democratic socialist label in front of it.,1,SPEAKER_00,279.881,283.304
meeting06_importance_score,73,"And you can elect it into office, but that doesn't change what happens once you're in office.",1,SPEAKER_00,283.644,287.127
meeting06_importance_score,74,But young liberals and leftists have been trending towards the socialist wing of the party for a very long time.,1,SPEAKER_00,287.407,291.851
meeting06_importance_score,75,The party establishment hasn't.,1,SPEAKER_00,291.911,294.093
meeting06_importance_score,76,And I think this is kind of a shock for some people that Zoran Mamdani is being,1,SPEAKER_00,294.113,297.316
meeting06_importance_score,77,Thank you.,0,SPEAKER_00,297.296,297.438
meeting06_importance_score,78,trotted out seemingly out of the shadows out of nowhere as the new darling of the Democrat Party.,1,SPEAKER_00,297.506,301.73
meeting06_importance_score,79,"And yet he's getting the endorsement of the major figures in Congress, although Hakeem Jeffries said earlier today he is not the new face of the Democrat Party.",1,SPEAKER_00,302.01,309.476
meeting06_importance_score,80,So you're watching that tension unfold in real time.,1,SPEAKER_00,309.496,311.378
meeting06_importance_score,81,But I also think it's foolish to say that young people everywhere or America everywhere is so excited about the idea of socialism.,1,SPEAKER_00,312.199,318.044
meeting06_importance_score,82,"Sure, the polls will tell you that the majority of young people here in New York are voting for Zoron Mamdani, but New York is a microcosm.",1,SPEAKER_00,318.384,324.209
meeting06_importance_score,83,"Let's not forget that six, eight months ago, the vast majority of young",1,SPEAKER_00,324.449,327.492
meeting06_importance_score,84,people voted for Donald Trump.,1,SPEAKER_00,327.472,328.974
meeting06_importance_score,85,Young women from 2020 to 2024 shifted 11 points away from the Democrat Party.,1,SPEAKER_00,328.994,333.981
meeting06_importance_score,86,They vote for Donald Trump left him since for I don't know that that's so true.,1,SPEAKER_00,334.161,338.006
meeting06_importance_score,87,"I mean, I have one little bone to pick with you on what you just said, because it's not that they've been programmed into liking socialism, it's that young people in America are looking to their futures.",1,SPEAKER_01,338.166,348.6
meeting06_importance_score,88,They can't afford housing.,1,SPEAKER_01,349.081,350.202
meeting06_importance_score,89,They don't think they're ever going to get married.,1,SPEAKER_01,350.683,352.686
meeting06_importance_score,90,They don't think that they have a future and they're blaming,1,SPEAKER_01,353.126,356.05
meeting06_importance_score,91,this capitalist system.,1,SPEAKER_01,356.386,358.188
meeting07_importance_score,0,"What were you like in high school, particularly you, Jonathan?",1,SPEAKER_01,0.066,2.97
meeting07_importance_score,1,"You started working very, very early as an actor and you actually started in high school acting as well.",1,SPEAKER_01,2.99,10.098
meeting07_importance_score,2,"But when you weren't working, you were just in high school going to class, wanting to get invited to the party.",1,SPEAKER_01,10.539,15.585
meeting07_importance_score,3,What were you like?,1,SPEAKER_01,15.986,16.666
meeting07_importance_score,4,What were Jonathan Bailey and Matt Bomer like in high school?,1,SPEAKER_01,17.067,20.131
meeting07_importance_score,5,"Well, I think a lot of my understanding of Hawk and the stakes of his life come from my life in high school.",1,SPEAKER_00,20.511,26.098
meeting07_importance_score,6,"or what I perceived my life to be in high school because it was sort of a Friday night lights town, you know, the football game on Friday night was the social option.",1,SPEAKER_00,26.242,34.073
meeting07_importance_score,7,"And I felt that if I was authentic to myself, then I wouldn't survive, whether that meant my life or whether that meant socially, whether that meant within my family.",1,SPEAKER_00,34.194,44.368
meeting07_importance_score,8,So the stakes for me were life and death in high school.,1,SPEAKER_00,44.469,47.793
meeting07_importance_score,9,"I know that's a very dramatic thing to say, but that's how it felt to me.",1,SPEAKER_00,47.914,50.898
meeting07_importance_score,10,"you know, you're a teenager, you're going through a lot of things.",0,SPEAKER_00,51.074,52.817
meeting07_importance_score,11,So I had kind of compartmentalized my life in a way.,0,SPEAKER_00,53.398,56.062
meeting07_importance_score,12,"I was, you know, bifurcated really.",0,SPEAKER_00,56.182,58.886
meeting07_importance_score,13,"I was a football player, but also did the musical, but kind of floated among social groups.",1,SPEAKER_00,58.946,63.093
meeting07_importance_score,14,"I think I was a generally affable person who kind of got along with everybody, didn't make too much noise.",1,SPEAKER_00,63.634,69.082
meeting07_importance_score,15,"And just thankfully when I was 18, started working in the professional theater there in Houston and got a scholarship so that I could go to performing arts school and then just",1,SPEAKER_00,69.623,79.378
meeting07_importance_score,16,I tried to get to a place where I found a tribe where I could be my most authentic self.,1,SPEAKER_00,80.194,84.701
meeting07_importance_score,17,"What were you, Jonathan?",1,SPEAKER_01,85.783,86.684
meeting07_importance_score,18,What were you like?,1,SPEAKER_02,87.205,88.047
meeting07_importance_score,19,"Yeah, I mean, no surprises, really.",0,SPEAKER_02,89.289,90.871
meeting07_importance_score,20,"But at 11, I remember saying to my friends, I was like, does anyone else think they're gay?",1,SPEAKER_02,90.891,95.058
meeting07_importance_score,21,Amazing.,0,SPEAKER_02,96.821,97.141
meeting07_importance_score,22,"Like, do you guys?",0,SPEAKER_02,97.181,97.702
meeting07_importance_score,23,"At boys' school, I was like, surely, this is the normal thing.",1,SPEAKER_02,97.822,100.727
meeting07_importance_score,24,"Obviously, it went quiet.",0,SPEAKER_02,100.887,101.728
meeting07_importance_score,25,And I didn't think much of it.,0,SPEAKER_02,102.049,102.93
meeting07_importance_score,26,"And then three years later, word got around.",1,SPEAKER_02,102.95,105.074
meeting07_importance_score,27,And it was just a day changed at school.,0,SPEAKER_02,105.354,107.698
meeting07_importance_score,28,"And we had CCF, which is where you go off and you do Army, Navy, and the Royal Air Force, and the boys had gone off on this coach.",1,SPEAKER_02,107.778,115.287
meeting07_importance_score,29,"And obviously, one of the guys had told everyone that I, aged 11 in year seven, had said that.",1,SPEAKER_02,115.327,120.694
meeting07_importance_score,30,"And so my experience of school suddenly changed overnight, and it suddenly became the most dangerous place.",1,SPEAKER_02,121.134,125.88
meeting07_importance_score,31,"But I didn't back away, really.",1,SPEAKER_02,126.34,128.843
meeting07_importance_score,32,"I managed to find a couple of amazing, you know, it was acting, really, and theater, and being a nerd.",1,SPEAKER_02,128.923,133.709
meeting07_importance_score,33,"We were obsessed with making little videos, me and my best mate.",1,SPEAKER_02,134.31,137.714
meeting07_importance_score,34,"But yeah, I snogged loads of women.",1,SPEAKER_02,138.114,140.598
meeting07_importance_score,35,"Well, not women, but, you know, obviously my peers.",1,SPEAKER_02,141.719,143.742
meeting07_importance_score,36,"And I tried to maneuver around that, but no, I just, you know, luckily I've always gravitated towards the authentic people and they get you through.",1,SPEAKER_02,144.704,153.436
meeting07_importance_score,37,"And actually, you know, now it's about how do I let people know of that age that they're going to be okay, because that's what I needed.",1,SPEAKER_02,153.497,161.068
meeting07_importance_score,38,"And that's why representation I do think really matters, but yeah.",1,SPEAKER_02,161.849,165.394
meeting07_importance_score,39,So we sound probably quite similar to Tim and Hawk.,0,SPEAKER_02,166.05,168.402
meeting07_importance_score,40,"I think I was always, yeah.",0,SPEAKER_02,168.443,171.378
